学校名称	学校排名(QS)	学院名称	专业名称
伯明翰大学	76	人类大脑健康中心	认知神经影像学与数据科学
伯明翰大学	76	伯明翰医学院	临床神经精神病学硕士
伯明翰大学	76	伯明翰医学院	临床肿瘤学硕士
伯明翰大学	76	伯明翰医学院	临床试验硕士
伯明翰大学	76	伯明翰医学院	人工智能实施（医疗保健）硕士
伯明翰大学	76	伯明翰医学院	健康数据科学硕士
伯明翰大学	76	伯明翰医学院	免疫学和免疫疗法硕士
伯明翰大学	76	伯明翰医学院	公共卫生硕士
伯明翰大学	76	伯明翰医学院	公共卫生硕士(全球卫生)
伯明翰大学	76	伯明翰医学院	助产学硕士
伯明翰大学	76	伯明翰医学院	卫生研究方法硕士
伯明翰大学	76	伯明翰医学院	卫生经济学和卫生政策硕士
伯明翰大学	76	伯明翰医学院	卫生经济学和计量经济学硕士
伯明翰大学	76	伯明翰医学院	呼吸系统医学硕士
伯明翰大学	76	伯明翰医学院	国际人口健康管理硕士
伯明翰大学	76	伯明翰医学院	基因组医学硕士
伯明翰大学	76	伯明翰医学院	微生物学和感染学硕士
伯明翰大学	76	伯明翰医学院	执业医师助理研究硕士
伯明翰大学	76	伯明翰医学院	牙科材料学科学硕士
伯明翰大学	76	伯明翰医学院	生物信息学硕士
伯明翰大学	76	伯明翰医学院	生物医学创新硕士
伯明翰大学	76	伯明翰医学院	生物医学硕士
伯明翰大学	76	伯明翰法学院	人权法法学硕士
伯明翰大学	76	伯明翰法学院	全球犯罪学与刑事司法硕士
伯明翰大学	76	伯明翰法学院	全球能源与环境法法律硕士
伯明翰大学	76	伯明翰法学院	刑法和刑事司法法学硕士
伯明翰大学	76	伯明翰法学院	商业、银行和金融法法律硕士
伯明翰大学	76	伯明翰法学院	商业法法学硕士
伯明翰大学	76	伯明翰法学院	国际人权法硕士
伯明翰大学	76	伯明翰法学院	国际刑事法律和司法法学硕士
伯明翰大学	76	伯明翰法学院	国际商业法法学硕士
伯明翰大学	76	伯明翰法学院	国际商法法学硕士
伯明翰大学	76	伯明翰法学院	国际法与安全法学硕士
伯明翰大学	76	伯明翰法学院	国际纠纷法法律硕士
伯明翰大学	76	伯明翰法学院	普通法学硕士
伯明翰大学	76	伯明翰法学院	法律、数据和技术硕士
伯明翰大学	76	伯明翰法学院	法律与社会正义硕士
伯明翰大学	76	伯明翰法学院	法律法学硕士
伯明翰大学	76	伯明翰法学院	环境、社会和治理法及政策法学硕士
伯明翰大学	76	伯明翰法学院	知识产权法法律硕士
伯明翰大学	76	体育、运动与康复学院	临床运动生理学硕士
伯明翰大学	76	体育、运动与康复学院	体育商业、管理与领导力硕士
伯明翰大学	76	体育、运动与康复学院	体育数据科学与人工智能硕士
伯明翰大学	76	体育、运动与康复学院	手法治疗物理治疗硕士
伯明翰大学	76	体育、运动与康复学院	物理治疗硕士（注册前）
伯明翰大学	76	体育、运动与康复学院	运动与锻炼医学硕士
伯明翰大学	76	体育、运动与康复学院	高性能运动硕士
伯明翰大学	76	冶金和材料学院	材料科学与工程硕士
伯明翰大学	76	冶金和材料学院	空间工程硕士
伯明翰大学	76	化工学院	可持续材料硕士
伯明翰大学	76	化工工程学院	全球能源技术和系统硕士
伯明翰大学	76	化工工程学院	可持续化硕士
伯明翰大学	76	化工工程学院	可持续能源工程硕士
伯明翰大学	76	化工工程学院	食品安全、卫生和管理硕士
伯明翰大学	76	化工工程学院	高级化学工程硕士
伯明翰大学	76	历史与文化学院	历史（中世纪和早期现代史）硕士
伯明翰大学	76	历史与文化学院	历史（全球历史）硕士
伯明翰大学	76	历史与文化学院	历史与政治硕士
伯明翰大学	76	历史与文化学院	历史学（近现代史）硕士
伯明翰大学	76	历史与文化学院	历史硕士
伯明翰大学	76	历史与文化学院	古代硕士（古典文学与古代史）
伯明翰大学	76	历史与文化学院	性别与性向硕士
伯明翰大学	76	历史与文化学院	非洲与发展硕士
伯明翰大学	76	发展科学中心	发育科学与神经多样性硕士
伯明翰大学	76	哲学、神学与宗教学院	伊斯兰研究硕士
伯明翰大学	76	哲学、神学与宗教学院	全球伦理与正义硕士
伯明翰大学	76	哲学、神学与宗教学院	哲学、心理健康和心理学硕士
伯明翰大学	76	哲学、神学与宗教学院	哲学硕士
伯明翰大学	76	哲学、神学与宗教学院	国际法、伦理和政治学硕士
伯明翰大学	76	哲学、神学与宗教学院	宗教、政治和社会硕士
伯明翰大学	76	哲学、神学与宗教学院	宗教哲学与伦理学硕士
伯明翰大学	76	哲学、神学与宗教学院	神学与宗教硕士
伯明翰大学	76	商学院	人力资源管理硕士
伯明翰大学	76	商学院	会计与金融硕士
伯明翰大学	76	商学院	供应链管理硕士
伯明翰大学	76	商学院	可持续创新和企业家精神硕士
伯明翰大学	76	商学院	可持续金融硕士
伯明翰大学	76	商学院	商业分析硕士
伯明翰大学	76	商学院	国际商务硕士
伯明翰大学	76	商学院	国际商务硕士（一月）
伯明翰大学	76	商学院	工商管理硕士
伯明翰大学	76	商学院	市场营销学硕士
伯明翰大学	76	商学院	战略营销和咨询硕士
伯明翰大学	76	商学院	投资学硕士
伯明翰大学	76	商学院	管理学硕士
伯明翰大学	76	商学院	经济学、人工智能与数据科学硕士
伯明翰大学	76	商学院	经济学硕士
伯明翰大学	76	商学院	财务管理硕士
伯明翰大学	76	商学院	货币、银行和金融硕士
伯明翰大学	76	商学院	金融科技硕士
伯明翰大学	76	商学院	金融经济学硕士
伯明翰大学	76	地理、地球和环境学院	
伯明翰大学	76	工程学院	
伯明翰大学	76	心理学学院	
伯明翰大学	76	护理和助产学院	
伯明翰大学	76	政府学院	
伯明翰大学	76	教育学院	
伯明翰大学	76	数学学院	
伯明翰大学	76	物理和天文学学院	
伯明翰大学	76	生物科学学院	
伯明翰大学	76	社会政策学院	
伯明翰大学	76	英语、戏剧和创意研究学院	
伯明翰大学	76	药学院	
伯明翰大学	76	计算机科学学院	
伯明翰大学	76	语言、文化、艺术史和音乐学院	
伯明翰大学	76	铁桥遗址中心	
利兹大学	86	中世纪研究学院	中世纪研究硕士
利兹大学	86	交通研究所	交通可持续发展理学硕士
利兹大学	86	交通研究所	交通经济学理学硕士
利兹大学	86	交通研究所	交通规划与工程理学硕士
利兹大学	86	交通研究所	交通规划与环境硕士
利兹大学	86	交通研究所	交通规划理学硕士
利兹大学	86	交通研究所	铁路运营、管理与政策理学硕士
利兹大学	86	利兹商学院	人力资源管理硕士
利兹大学	86	利兹商学院	企业与创业硕士
利兹大学	86	利兹商学院	企业传播、市场营销和公共关系硕士
利兹大学	86	利兹商学院	会计与金融理学硕士
利兹大学	86	利兹商学院	信息系统与数字创新管理硕士
利兹大学	86	利兹商学院	全球供应链管理理学硕士
利兹大学	86	利兹商学院	全球战略与创新管理理学硕士
利兹大学	86	利兹商学院	商业分析与决策科学理学硕士
利兹大学	86	利兹商学院	国际商务硕士
利兹大学	86	利兹商学院	国际营销管理理学硕士
利兹大学	86	利兹商学院	工商管理硕士
利兹大学	86	利兹商学院	广告学市场营销管理硕士
利兹大学	86	利兹商学院	数据分析与人力资源管理理学硕士
利兹大学	86	利兹商学院	消费者分析与营销战略理学硕士
利兹大学	86	利兹商学院	管理咨询理学硕士
利兹大学	86	利兹商学院	管理理学硕士
利兹大学	86	利兹商学院	组织心理学与商业硕士
利兹大学	86	利兹商学院	经济与金融理学硕士
利兹大学	86	利兹商学院	经济学理学硕士
利兹大学	86	利兹商学院	金融与投资理学硕士
利兹大学	86	利兹商学院	金融数学理学硕士
利兹大学	86	利兹商学院	金融风险管理硕士
利兹大学	86	利兹商学院	银行与国际金融理学硕士
利兹大学	86	化学与工艺工程学院	材料科学与工程理学硕士
利兹大学	86	化学与工艺工程学院	能源与环境工程硕士
利兹大学	86	化学与工艺工程学院	高级化学工程理学硕士
利兹大学	86	化学学院	化学理学硕士
利兹大学	86	化学学院	可持续发展科学技术硕士
利兹大学	86	化学学院	数字与自动化化学硕士
利兹大学	86	医学院	临床胚胎学和辅助生殖技术硕士
利兹大学	86	医学院	健康信息学与数据科学理学硕士
利兹大学	86	医学院	健康研究硕士
利兹大学	86	医学院	公共卫生（国际）硕士
利兹大学	86	医学院	分子医学理学硕士
利兹大学	86	医学院	医学影像理学硕士
利兹大学	86	医学院	国际健康理学硕士
利兹大学	86	医学院	心血管健康与疾病硕士
利兹大学	86	历史学院	国际历史硕士
利兹大学	86	历史学院	现代史硕士
利兹大学	86	哲学、宗教与科学史学院	哲学硕士
利兹大学	86	哲学、宗教与科学史学院	宗教硕士
利兹大学	86	土木工程学院	交通基础设施：设计与施工理学硕士
利兹大学	86	土木工程学院	国际建筑管理与工程硕士
利兹大学	86	土木工程学院	岩土工程理学硕士
利兹大学	86	土木工程学院	工程项目管理硕士
利兹大学	86	土木工程学院	建筑学硕士
利兹大学	86	土木工程学院	建筑设计硕士
利兹大学	86	土木工程学院	水、卫生与健康工程理学硕士
利兹大学	86	土木工程学院	环境工程与项目管理理学硕士
利兹大学	86	土木工程学院	结构工程理学硕士
利兹大学	86	土木工程学院	铁路工程与项目管理理学硕士
利兹大学	86	地球与环境学院	勘探地球物理学理学硕士
利兹大学	86	地球与环境学院	可持续发展与咨询理学硕士
利兹大学	86	地球与环境学院	可持续发展与商业理学硕士
利兹大学	86	地球与环境学院	可持续城市理学硕士
利兹大学	86	地球与环境学院	可持续性、环境与发展硕士
利兹大学	86	地球与环境学院	可持续粮食系统与粮食安全硕士 
利兹大学	86	地球与环境学院	工程地质学理学硕士
利兹大学	86	地球与环境学院	气候未来硕士：科学、社会和政治
利兹大学	86	地球与环境学院	环境科学硕士
利兹大学	86	地球与环境学院	生态经济学理学硕士
利兹大学	86	地理学院	地理信息系统理学硕士 
利兹大学	86	地理学院	城市数据科学与分析理学硕士
利兹大学	86	地理学院	环境数据科学与分析硕士
利兹大学	86	媒体与传播学院	传播与媒体硕士
利兹大学	86	媒体与传播学院	国际传播硕士
利兹大学	86	媒体与传播学院	国际新闻学硕士
利兹大学	86	媒体与传播学院	媒体行业硕士
利兹大学	86	媒体与传播学院	宣传媒体硕士
利兹大学	86	媒体与传播学院	政治传播硕士
利兹大学	86	媒体与传播学院	数字媒体硕士
利兹大学	86	媒体与传播学院	电影、摄像与媒体硕士
利兹大学	86	心理学院	健康心理学硕士
利兹大学	86	心理学院	认知发展与障碍理学硕士
利兹大学	86	政治与国际研究学院	全球发展与教育硕士
利兹大学	86	政治与国际研究学院	全球发展硕士
利兹大学	86	政治与国际研究学院	全球政治经济学硕士
利兹大学	86	政治与国际研究学院	全球治理与外交硕士
利兹大学	86	政治与国际研究学院	冲突、发展与和平建设硕士
利兹大学	86	政治与国际研究学院	国际关系硕士
利兹大学	86	政治与国际研究学院	国际安全硕士
利兹大学	86	政治与国际研究学院	恐怖主义与叛乱硕士
利兹大学	86	政治与国际研究学院	政治学理学硕士
利兹大学	86	教育学院	TESOL研究硕士
利兹大学	86	教育学院	儿童研究硕士
利兹大学	86	教育学院	对外英语教学硕士
利兹大学	86	教育学院	对外英语教学硕士（中国）
利兹大学	86	教育学院	教育学硕士
利兹大学	86	数学学院	数学理学硕士
利兹大学	86	数学学院	数据科学与分析理学硕士
利兹大学	86	数学学院	统计学与金融应用理学硕士
利兹大学	86	数学学院	统计学理学硕士
利兹大学	86	机械工程学院	医学工程理学硕士
利兹大学	86	机械工程学院	机电一体化与机器人工程硕士
利兹大学	86	机械工程学院	汽车工程理学硕士
利兹大学	86	机械工程学院	航空航天工程理学硕士
利兹大学	86	机械工程学院	高级制造与自动化硕士
利兹大学	86	机械工程学院	高级机械工程理学硕士
利兹大学	86	法学院	刑事司法与刑法法学硕士
利兹大学	86	法学院	刑事司法与犯罪学理学硕士
利兹大学	86	法学院	国际人权法法学硕士
利兹大学	86	法学院	国际公司法法学硕士
利兹大学	86	法学院	国际商法法学硕士
利兹大学	86	法学院	国际法与全球治理法学硕士
利兹大学	86	法学院	国际贸易法法学硕士
利兹大学	86	法学院	国际银行与金融法法学硕士
利兹大学	86	法学院	法律与社会正义法学硕士
利兹大学	86	法学院	法律与金融理学硕士
利兹大学	86	法学院	知识产权法法学硕士
利兹大学	86	牙科学院	口腔外科理学硕士
利兹大学	86	牙科学院	牙科公共卫生理学硕士
利兹大学	86	牙科学院	牙科材料理学硕士
利兹大学	86	物理与天文学学院	物理理学硕士
利兹大学	86	物理与天文学学院	空间物理学硕士
利兹大学	86	生物科学学院	全球保护科学理学硕士
利兹大学	86	生物科学学院	可持续农业与食品生产硕士
利兹大学	86	生物科学学院	感染，免疫与人类疾病理学硕士
利兹大学	86	生物科学学院	植物科学与生物技术理学硕士
利兹大学	86	生物科学学院	生物制药发展（产业布局）理学硕士
利兹大学	86	生物科学学院	生物制药发展理学硕士
利兹大学	86	生物科学学院	生物多样性与保护与非洲实地课程理学硕士
利兹大学	86	生物科学学院	生物多样性与保护理学硕士
利兹大学	86	生物科学学院	生物技术与商业企业理学硕士
利兹大学	86	生物科学学院	生物科学理学硕士
利兹大学	86	生物科学学院	精准医学：基因组学与分析理学硕士
利兹大学	86	生物科学学院	药物发现与开发理学硕士
利兹大学	86	生物科学学院	运动与运动医学理学硕士
利兹大学	86	电子与电气工程学院	嵌入式系统工程理学硕士
利兹大学	86	电子与电气工程学院	工程、技术与商业管理硕士
利兹大学	86	电子与电气工程学院	电子与电气工程理学硕士
利兹大学	86	电子与电气工程学院	电气工程与可再生能源系统理学硕士
利兹大学	86	电子与电气工程学院	通信与信号处理理学硕士
利兹大学	86	社会学与社会政策学院	性别研究硕士
利兹大学	86	社会学与社会政策学院	社会、文化与传媒硕士
利兹大学	86	社会学与社会政策学院	社会与公共政策硕士
利兹大学	86	社会学与社会政策学院	社会研究硕士
利兹大学	86	美术、艺术史与文化研究学院	批判与文化理论硕士
利兹大学	86	美术、艺术史与文化研究学院	美术硕士
利兹大学	86	美术、艺术史与文化研究学院	美术馆与博物馆研究硕士
利兹大学	86	美术、艺术史与文化研究学院	艺术社会史硕士
利兹大学	86	美术、艺术史与文化研究学院	艺术管理与遗产研究硕士
利兹大学	86	英语学院	创意写作硕士
利兹大学	86	英语学院	后殖民研究硕士
利兹大学	86	英语学院	数字人文与文化硕士
利兹大学	86	英语学院	英国文学硕士
利兹大学	86	表演与文化产业学院	全球表演与文化产业硕士
利兹大学	86	表演与文化产业学院	应用戏剧与社会变革硕士
利兹大学	86	表演与文化产业学院	文化、创意与创业硕士
利兹大学	86	表演与文化产业学院	表演和数字媒体写作硕士
利兹大学	86	表演与文化产业学院	表演设计硕士
利兹大学	86	表演与文化产业学院	观众与参与硕士
利兹大学	86	计算机学院	高性能图形与游戏工程理学硕士
利兹大学	86	计算机学院	高级计算机科学（云计算）理学硕士
利兹大学	86	计算机学院	高级计算机科学（人工智能）理学硕士
利兹大学	86	计算机学院	高级计算机科学（数据分析）理学硕士
利兹大学	86	计算机学院	高级计算机科学理学硕士
利兹大学	86	设计学院	全球时尚管理硕士
利兹大学	86	设计学院	广告与设计硕士
利兹大学	86	设计学院	数字设计未来硕士
利兹大学	86	设计学院	时尚、企业与社会硕士
利兹大学	86	设计学院	纺织可持续发展与创新理学硕士
利兹大学	86	设计学院	设计硕士
利兹大学	86	语言、文化与社会学院	专业语言与跨文化研究硕士
利兹大学	86	语言、文化与社会学院	会议口译与笔译研究硕士
利兹大学	86	语言、文化与社会学院	应用翻译研究硕士
利兹大学	86	语言、文化与社会学院	电影研究硕士
利兹大学	86	语言、文化与社会学院	视听翻译和本地化硕士
利兹大学	86	语言、文化与社会学院	语言学与英语教学硕士
利兹大学	86	语言、文化与社会学院	语言学硕士
利兹大学	86	跨学科伦理应用中心	生物医学和医疗保障伦理学硕士
利兹大学	86	音乐学院	批判和实验性作曲音乐硕士
利兹大学	86	音乐学院	音乐与健康硕士
利兹大学	86	音乐学院	音乐与数据科学硕士
利兹大学	86	音乐学院	音乐学硕士
利兹大学	86	音乐学院	音乐应用心理学硕士
利兹大学	86	音乐学院	音乐管理硕士
利兹大学	86	音乐学院	音乐表演硕士
利兹大学	86	食品科学与营养学院	营养学硕士
利兹大学	86	食品科学与营养学院	食品产品创新硕士
利兹大学	86	食品科学与营养学院	食品科学（食品生物技术）理学硕士
利兹大学	86	食品科学与营养学院	食品科学与营养理学硕士
利兹大学	86	食品科学与营养学院	食品科学理学硕士
南安普顿大学	87	医学院	临床运动生理学硕士
南安普顿大学	87	医学院	公共卫生硕士
南安普顿大学	87	医学院	医疗技术、创新与设计硕士
南安普顿大学	87	医学院	基因组学硕士
南安普顿大学	87	医学院	生物医学科学研究硕士
南安普顿大学	87	医学院	癌症生物学和免疫学硕士
南安普顿大学	87	南安普顿商学院	人力资源管理硕士
南安普顿大学	87	南安普顿商学院	会计与管理硕士
南安普顿大学	87	南安普顿商学院	会计与金融硕士
南安普顿大学	87	南安普顿商学院	可持续金融硕士
南安普顿大学	87	南安普顿商学院	商业分析和管理科学硕士
南安普顿大学	87	南安普顿商学院	商业分析和金融硕士
南安普顿大学	87	南安普顿商学院	商业战略和创新管理硕士
南安普顿大学	87	南安普顿商学院	国际会计与可持续发展硕士
南安普顿大学	87	南安普顿商学院	国际会计与治理硕士
南安普顿大学	87	南安普顿商学院	国际创业与管理硕士
南安普顿大学	87	南安普顿商学院	国际管理硕士
南安普顿大学	87	南安普顿商学院	工商管理硕士
南安普顿大学	87	南安普顿商学院	市场营销分析硕士
南安普顿大学	87	南安普顿商学院	市场营销管理硕士
南安普顿大学	87	南安普顿商学院	战略运营和供应链管理硕士
南安普顿大学	87	南安普顿商学院	数字商务硕士
南安普顿大学	87	南安普顿商学院	数字战略和信息系统硕士
南安普顿大学	87	南安普顿商学院	数字营销硕士
南安普顿大学	87	南安普顿商学院	物流和供应链分析硕士
南安普顿大学	87	南安普顿商学院	管理与人工智能硕士
南安普顿大学	87	南安普顿商学院	管理学硕士
南安普顿大学	87	南安普顿商学院	航运金融硕士
南安普顿大学	87	南安普顿商学院	金融与投资硕士
南安普顿大学	87	南安普顿商学院	金融硕士
南安普顿大学	87	南安普顿商学院	银行与金融硕士
南安普顿大学	87	南安普顿商学院	项目管理硕士
南安普顿大学	87	南安普顿商学院	风险与金融硕士
南安普顿大学	87	南安普顿商学院	风险管理硕士
南安普顿大学	87	南安普顿教育学院	教育学硕士
南安普顿大学	87	南安普顿教育学院	教育实践与创新硕士
南安普顿大学	87	南安普顿教育学院	教育管理与领导力硕士
南安普顿大学	87	南安普顿法学院	国际商法和公司法硕士
南安普顿大学	87	南安普顿法学院	国际法和人权硕士
南安普顿大学	87	南安普顿法学院	法学硕士
南安普顿大学	87	南安普顿法学院	海事法硕士
南安普顿大学	87	工程与物理科学学院	交通规划与工程：基础设施硕士
南安普顿大学	87	工程与物理科学学院	交通规划与工程：行为硕士
南安普顿大学	87	工程与物理科学学院	交通规划与工程：运营硕士
南安普顿大学	87	工程与物理科学学院	人因工程与人体工学硕士
南安普顿大学	87	工程与物理科学学院	人工智能硕士
南安普顿大学	87	工程与物理科学学院	光学工程硕士
南安普顿大学	87	工程与物理科学学院	化学硕士
南安普顿大学	87	工程与物理科学学院	可持续能源技术硕士
南安普顿大学	87	工程与物理科学学院	听力学含临床实习硕士
南安普顿大学	87	工程与物理科学学院	土木工程硕士
南安普顿大学	87	工程与物理科学学院	声学与振动工程硕士
南安普顿大学	87	工程与物理科学学院	嵌入式计算系统欧洲硕士
南安普顿大学	87	工程与物理科学学院	工程材料（高级机械工程科学）硕士
南安普顿大学	87	工程与物理科学学院	微电子系统设计硕士
南安普顿大学	87	工程与物理科学学院	推进和发动机系统工程（高级机械工程科学）硕士
南安普顿大学	87	工程与物理科学学院	数字化学硕士
南安普顿大学	87	工程与物理科学学院	数据科学硕士
南安普顿大学	87	工程与物理科学学院	机器人与自主系统硕士
南安普顿大学	87	工程与物理科学学院	机器学习硕士
南安普顿大学	87	工程与物理科学学院	机电一体化（高级机械工程科学）硕士
南安普顿大学	87	工程与物理科学学院	海事工程科学 ：海洋工程与自治硕士
南安普顿大学	87	工程与物理科学学院	海事工程科学：海军建筑工程
南安普顿大学	87	工程与物理科学学院	海事工程科学：海洋能源与海洋工程硕士
南安普顿大学	87	工程与物理科学学院	海事工程科学：游艇和高性能工艺硕士
南安普顿大学	87	工程与物理科学学院	海事工程科学：高级计算工程硕士
南安普顿大学	87	工程与物理科学学院	物联网硕士
南安普顿大学	87	工程与物理科学学院	生物医学工程硕士
南安普顿大学	87	工程与物理科学学院	电力系统硕士
南安普顿大学	87	工程与物理科学学院	电化学和电池技术硕士
南安普顿大学	87	工程与物理科学学院	电子工程硕士
南安普顿大学	87	工程与物理科学学院	移动通信和智能网络硕士
南安普顿大学	87	工程与物理科学学院	空气动力学与计算硕士
南安普顿大学	87	工程与物理科学学院	空间系统工程硕士
南安普顿大学	87	工程与物理科学学院	系统、控制和信号处理硕士
南安普顿大学	87	工程与物理科学学院	网络安全硕士
南安普顿大学	87	工程与物理科学学院	能源与可持续发展：能源、环境与建筑硕士
南安普顿大学	87	工程与物理科学学院	能源与可持续发展：能源、资源与气候变化硕士
南安普顿大学	87	工程与物理科学学院	计算工程设计（高级机械工程科学）硕士
南安普顿大学	87	工程与物理科学学院	计算机科学硕士
南安普顿大学	87	工程与物理科学学院	赛车空气动力学硕士
南安普顿大学	87	工程与物理科学学院	软件工程硕士
南安普顿大学	87	工程与物理科学学院	高级化学工程硕士
南安普顿大学	87	工程与物理科学学院	高级听力学硕士
南安普顿大学	87	数学科学学院	医学应用统计学硕士
南安普顿大学	87	数学科学学院	数据和决策分析硕士
南安普顿大学	87	数学科学学院	精算学硕士
南安普顿大学	87	数学科学学院	统计学硕士
南安普顿大学	87	数学科学学院	运筹学与数据科学硕士
南安普顿大学	87	数学科学学院	运筹学与金融硕士
南安普顿大学	87	温彻斯特艺术学院	传播设计硕士
南安普顿大学	87	温彻斯特艺术学院	全球广告与品牌硕士
南安普顿大学	87	温彻斯特艺术学院	创意技术硕士
南安普顿大学	87	温彻斯特艺术学院	奢侈品品牌管理硕士
南安普顿大学	87	温彻斯特艺术学院	当代策展硕士
南安普顿大学	87	温彻斯特艺术学院	数字媒体硕士
南安普顿大学	87	温彻斯特艺术学院	时尚管理硕士
南安普顿大学	87	温彻斯特艺术学院	时尚营销与品牌硕士
南安普顿大学	87	温彻斯特艺术学院	时尚设计硕士
南安普顿大学	87	温彻斯特艺术学院	纺织设计硕士
南安普顿大学	87	温彻斯特艺术学院	美术硕士
南安普顿大学	87	温彻斯特艺术学院	艺术与文化领导力硕士
南安普顿大学	87	温彻斯特艺术学院	设计创新与技术理学硕士
南安普顿大学	87	温彻斯特艺术学院	设计创新与技术硕士
南安普顿大学	87	温彻斯特艺术学院	设计管理硕士
南安普顿大学	87	环境与生命科学学院	临床心理学基础硕士
南安普顿大学	87	环境与生命科学学院	健康与社会关怀的领导与管理硕士
南安普顿大学	87	环境与生命科学学院	健康心理学硕士
南安普顿大学	87	环境与生命科学学院	健康科学专业实践硕士
南安普顿大学	87	环境与生命科学学院	全球海洋资源管理硕士
南安普顿大学	87	环境与生命科学学院	可持续发展硕士
南安普顿大学	87	环境与生命科学学院	地球物理学硕士
南安普顿大学	87	环境与生命科学学院	地理信息系统和遥感硕士
南安普顿大学	87	环境与生命科学学院	应用海岸与近海地球科学硕士
南安普顿大学	87	环境与生命科学学院	心理学：研究方法硕士
南安普顿大学	87	环境与生命科学学院	心理学：社会心理学硕士
南安普顿大学	87	环境与生命科学学院	心理学：认知心理学硕士
南安普顿大学	87	环境与生命科学学院	心理学硕士
南安普顿大学	87	环境与生命科学学院	截肢和假肢康复硕士
南安普顿大学	87	环境与生命科学学院	护理学硕士：儿童
南安普顿大学	87	环境与生命科学学院	护理学硕士：心理健康
南安普顿大学	87	环境与生命科学学院	护理学硕士：成人
南安普顿大学	87	环境与生命科学学院	水资源管理硕士
南安普顿大学	87	环境与生命科学学院	海洋与地球科学研究硕士
南安普顿大学	87	环境与生命科学学院	海洋学硕士
南安普顿大学	87	环境与生命科学学院	海洋环境与资源硕士
南安普顿大学	87	环境与生命科学学院	环境咨询硕士
南安普顿大学	87	环境与生命科学学院	环境污染控制硕士
南安普顿大学	87	环境与生命科学学院	环境监测与评估硕士
南安普顿大学	87	环境与生命科学学院	生物多样性和保护硕士
南安普顿大学	87	经济、社会和政治科学学院	人口学社会研究方法硕士
南安普顿大学	87	经济、社会和政治科学学院	全球健康硕士
南安普顿大学	87	经济、社会和政治科学学院	全球社会学：挑战、干预和行动硕士
南安普顿大学	87	经济、社会和政治科学学院	公共管理硕士
南安普顿大学	87	经济、社会和政治科学学院	国家安全与风险硕士
南安普顿大学	87	经济、社会和政治科学学院	国际犯罪学与刑事司法硕士
南安普顿大学	87	经济、社会和政治科学学院	应用统计学的社会研究方法硕士
南安普顿大学	87	经济、社会和政治科学学院	应用统计学硕士
南安普顿大学	87	经济、社会和政治科学学院	政府数据分析硕士
南安普顿大学	87	经济、社会和政治科学学院	政治学硕士
南安普顿大学	87	经济、社会和政治科学学院	经济学硕士
南安普顿大学	87	经济、社会和政治科学学院	老年学（研究）硕士
南安普顿大学	87	经济、社会和政治科学学院	老年学硕士
南安普顿大学	87	经济、社会和政治科学学院	金融与经济学硕士
南安普顿大学	87	经济、社会和政治科学学院	金融与计量经济学硕士
南安普顿大学	87	艺术与人文学院	全球商业伦理与管理哲学硕士
南安普顿大学	87	艺术与人文学院	全球媒体与出版管理硕士
南安普顿大学	87	艺术与人文学院	全球挑战-历史、政策与实践硕士
南安普顿大学	87	艺术与人文学院	创意写作硕士
南安普顿大学	87	艺术与人文学院	历史硕士
南安普顿大学	87	艺术与人文学院	哲学硕士
南安普顿大学	87	艺术与人文学院	商业和遗产管理硕士
南安普顿大学	87	艺术与人文学院	国际音乐管理硕士
南安普顿大学	87	艺术与人文学院	大屠杀：历史、经历、遗产硕士
南安普顿大学	87	艺术与人文学院	对外英语教学硕士
南安普顿大学	87	艺术与人文学院	应用语言学硕士
南安普顿大学	87	艺术与人文学院	数字人文（数据科学）硕士
南安普顿大学	87	艺术与人文学院	文化遗产研究（遗产与艺术）硕士
南安普顿大学	87	艺术与人文学院	文化遗产研究（遗产和公共历史）硕士
南安普顿大学	87	艺术与人文学院	文化遗产研究（遗产和博物馆）硕士
南安普顿大学	87	艺术与人文学院	文化遗产研究硕士
南安普顿大学	87	艺术与人文学院	海洋考古学理学硕士
南安普顿大学	87	艺术与人文学院	电影和文化管理硕士
南安普顿大学	87	艺术与人文学院	电影研究硕士
南安普顿大学	87	艺术与人文学院	翻译技术与数字传播硕士
南安普顿大学	87	艺术与人文学院	考古学（古人类学）硕士
南安普顿大学	87	艺术与人文学院	考古学（生物考古学）硕士
南安普顿大学	87	艺术与人文学院	考古学硕士
南安普顿大学	87	艺术与人文学院	英语文学研究（二十世纪及当代）硕士
南安普顿大学	87	艺术与人文学院	英语文学研究（十九世纪）硕士
南安普顿大学	87	艺术与人文学院	英语文学研究（十八世纪）硕士
南安普顿大学	87	艺术与人文学院	英语文学研究（后殖民和世界文学）硕士
南安普顿大学	87	艺术与人文学院	英语文学研究硕士
南安普顿大学	87	艺术与人文学院	语言和文化硕士
南安普顿大学	87	艺术与人文学院	面向资深教师的对外英语教学硕士
南安普顿大学	87	艺术与人文学院	音乐（作曲）硕士
南安普顿大学	87	艺术与人文学院	音乐（教育）硕士
南安普顿大学	87	艺术与人文学院	音乐（表演）硕士
南安普顿大学	87	艺术与人文学院	音乐（音乐学）硕士
南安普顿大学	87	艺术与人文学院	高等考古实践硕士
格拉斯哥大学	79	亚当·史密斯商学院	人力资源管理硕士
格拉斯哥大学	79	亚当·史密斯商学院	企业与商业增长管理学硕士
格拉斯哥大学	79	亚当·史密斯商学院	企业金融与银行硕士
格拉斯哥大学	79	亚当·史密斯商学院	全球文化企业硕士
格拉斯哥大学	79	亚当·史密斯商学院	可持续发展与公司治理硕士
格拉斯哥大学	79	亚当·史密斯商学院	商业分析硕士
格拉斯哥大学	79	亚当·史密斯商学院	国际人力资源管理与发展硕士
格拉斯哥大学	79	亚当·史密斯商学院	国际会计与财务管理硕士
格拉斯哥大学	79	亚当·史密斯商学院	国际商务硕士
格拉斯哥大学	79	亚当·史密斯商学院	国际战略营销硕士
格拉斯哥大学	79	亚当·史密斯商学院	国际管理与设计创新硕士
格拉斯哥大学	79	亚当·史密斯商学院	国际金融与经济学
格拉斯哥大学	79	亚当·史密斯商学院	国际金融分析硕士
格拉斯哥大学	79	亚当·史密斯商学院	国际金融硕士
格拉斯哥大学	79	亚当·史密斯商学院	工商管理硕士（MBA）
格拉斯哥大学	79	亚当·史密斯商学院	投资银行与金融硕士
格拉斯哥大学	79	亚当·史密斯商学院	环境与可持续发展硕士
格拉斯哥大学	79	亚当·史密斯商学院	管理与可持续旅游硕士（邓弗里斯校区）
格拉斯哥大学	79	亚当·史密斯商学院	管理与营销硕士
格拉斯哥大学	79	亚当·史密斯商学院	管理学研究型硕士
格拉斯哥大学	79	亚当·史密斯商学院	管理学硕士
格拉斯哥大学	79	亚当·史密斯商学院	经济发展硕士（金融和政策方向）
格拉斯哥大学	79	亚当·史密斯商学院	经济学、国家银行与金融硕士
格拉斯哥大学	79	亚当·史密斯商学院	经济学与金融学数据分析硕士
格拉斯哥大学	79	亚当·史密斯商学院	经济学研究型硕士
格拉斯哥大学	79	亚当·史密斯商学院	经济学硕士
格拉斯哥大学	79	亚当·史密斯商学院	财务管理与私募股权投资硕士
格拉斯哥大学	79	亚当·史密斯商学院	金融与管理硕士
格拉斯哥大学	79	亚当·史密斯商学院	金融工程学硕士
格拉斯哥大学	79	亚当·史密斯商学院	金融科技硕士
格拉斯哥大学	79	亚当·史密斯商学院	金融经济学硕士
格拉斯哥大学	79	亚当·史密斯商学院	金融风险管理硕士
格拉斯哥大学	79	人文学院	中世纪历史硕士
格拉斯哥大学	79	人文学院	全球历史硕士
格拉斯哥大学	79	人文学院	历史学硕士
格拉斯哥大学	79	人文学院	古代文化硕士
格拉斯哥大学	79	人文学院	古典学与古代史硕士
格拉斯哥大学	79	人文学院	哲学：知识与社会硕士（2026开放申请）
格拉斯哥大学	79	人文学院	哲学硕士
格拉斯哥大学	79	人文学院	哲学硕士（转换）
格拉斯哥大学	79	人文学院	图书馆与信息研究硕士
格拉斯哥大学	79	人文学院	心灵与心理学哲学硕士（转专业）
格拉斯哥大学	79	人文学院	心灵哲学与心理学硕士
格拉斯哥大学	79	人文学院	性别史硕士
格拉斯哥大学	79	人文学院	战争研究硕士
格拉斯哥大学	79	人文学院	数字人文硕士
格拉斯哥大学	79	人文学院	早期现代史硕士
格拉斯哥大学	79	人文学院	档案、记录和信息管理硕士
格拉斯哥大学	79	人文学院	物质文化和手工艺品研究硕士
格拉斯哥大学	79	人文学院	现代史硕士
格拉斯哥大学	79	人文学院	考古学硕士
格拉斯哥大学	79	人文学院	苏格兰历史硕士
格拉斯哥大学	79	人文学院	赔偿性司法硕士
格拉斯哥大学	79	健康与福祉学院	临床神经心理学知识与实践（医学科学）硕士
格拉斯哥大学	79	健康与福祉学院	临床神经心理学硕士（医学科学）
格拉斯哥大学	79	健康与福祉学院	全球心理健康硕士
格拉斯哥大学	79	健康与福祉学院	公共卫生硕士
格拉斯哥大学	79	健康与福祉学院	应用神经心理学硕士（医学科学）
格拉斯哥大学	79	分子生物科学学院	再生医学的干细胞工程硕士
格拉斯哥大学	79	分子生物科学学院	工业生物技术硕士
格拉斯哥大学	79	分子生物科学学院	工业生物技术硕士，带工业实习
格拉斯哥大学	79	分子生物科学学院	生物医学科学研究型硕士
格拉斯哥大学	79	分子生物科学学院	生物医学科学硕士
格拉斯哥大学	79	分子生物科学学院	生物技术与管理硕士
格拉斯哥大学	79	分子生物科学学院	生物技术硕士
格拉斯哥大学	79	分子生物科学学院	科学传播硕士
格拉斯哥大学	79	分子生物科学学院	食品安全硕士
格拉斯哥大学	79	化学学院	化学与药物化学理学硕士
格拉斯哥大学	79	化学学院	化学硕士
格拉斯哥大学	79	医学、牙科学和护理学学院	临床药理学硕士（医学科学）
格拉斯哥大学	79	医学、牙科学和护理学学院	临床试验硕士
格拉斯哥大学	79	医学、牙科学和护理学学院	人类营养学硕士（医学科学）
格拉斯哥大学	79	医学、牙科学和护理学学院	医学可视化与人体解剖学硕士
格拉斯哥大学	79	医学、牙科学和护理学学院	医学物理学硕士
格拉斯哥大学	79	医学、牙科学和护理学学院	医学遗传学和基因组学硕士（医学科学）
格拉斯哥大学	79	医学、牙科学和护理学学院	医疗保健高级实践硕士（医学）
格拉斯哥大学	79	医学、牙科学和护理学学院	卫生服务管理硕士
格拉斯哥大学	79	医学、牙科学和护理学学院	口腔科学硕士
格拉斯哥大学	79	医学、牙科学和护理学学院	口腔颌面外科（牙科学）硕士
格拉斯哥大学	79	医学、牙科学和护理学学院	牙髓病学（牙科学）硕士（2026不招生）
格拉斯哥大学	79	医学、牙科学和护理学学院	高级护理科学硕士
格拉斯哥大学	79	历史、艺术史与哲学学院	
格拉斯哥大学	79	地理与地球科学学院	人类地理学硕士：空间、政治、生态
格拉斯哥大学	79	地理与地球科学学院	可持续水环境硕士
格拉斯哥大学	79	地理与地球科学学院	可持续水环境硕士（加札马达大学双学位）
格拉斯哥大学	79	地理与地球科学学院	土地和水文测量学硕士
格拉斯哥大学	79	地理与地球科学学院	土地和水文测量学硕士，带工作实习
格拉斯哥大学	79	地理与地球科学学院	土地和水文测量学硕士（加札马达大学双学位）
格拉斯哥大学	79	地理与地球科学学院	地球未来硕士：环境、社区、关系
格拉斯哥大学	79	地理与地球科学学院	地理信息学与管理硕士
格拉斯哥大学	79	地理与地球科学学院	地理信息技术与制图学硕士
格拉斯哥大学	79	地理与地球科学学院	地理空间与测绘科学硕士
格拉斯哥大学	79	地理与地球科学学院	地理空间数据科学与建模硕士
格拉斯哥大学	79	地理与地球科学学院	气候与环境科学硕士
格拉斯哥大学	79	地理与地球科学学院	空间科学硕士
格拉斯哥大学	79	地理与地球科学学院	计算地球科学硕士
格拉斯哥大学	79	地理与地球科学学院	计算地球科学硕士（加札马达大学双学位）
格拉斯哥大学	79	工程学院	国际金融与经济学
格拉斯哥大学	79	心理学和神经科学学院	心理科学，研究方法硕士
格拉斯哥大学	79	心理学和神经科学学院	心理科学硕士（转换）
格拉斯哥大学	79	心理学和神经科学学院	整合神经科学硕士
格拉斯哥大学	79	心理学和神经科学学院	行为科学硕士
格拉斯哥大学	79	心理学院	
格拉斯哥大学	79	心血管与代谢健康学院	心血管和代谢疾病医学科学硕士
格拉斯哥大学	79	心血管与代谢健康学院	精确医学硕士
格拉斯哥大学	79	心血管与代谢健康学院	运动与运动科学和医学硕士
格拉斯哥大学	79	感染与免疫学院	免疫学和炎症性疾病硕士
格拉斯哥大学	79	感染与免疫学院	感染生物学硕士（含方向）
格拉斯哥大学	79	感染与免疫学院	生物信息学硕士
格拉斯哥大学	79	批判研究学院	创意写作硕士
格拉斯哥大学	79	批判研究学院	宗教与全球挑战硕士（2026年开放申请）
格拉斯哥大学	79	批判研究学院	应用语言学硕士
格拉斯哥大学	79	批判研究学院	英国文学硕士
格拉斯哥大学	79	批判研究学院	英国文学硕士：奇幻
格拉斯哥大学	79	批判研究学院	英国文学硕士：现代性-文学、文化、理论
格拉斯哥大学	79	批判研究学院	英国文学硕士：美国现代文学（2026不招生）
格拉斯哥大学	79	批判研究学院	英语语言和语言学硕士
格拉斯哥大学	79	批判研究学院	语音、语言和社会语言学硕士
格拉斯哥大学	79	教育学院	儿童文学、媒体与文化创业国际硕士（Erasmus Mundus国际硕士）
格拉斯哥大学	79	教育学院	儿童文学与识字硕士
格拉斯哥大学	79	教育学院	全球发展教育政策国际硕士（Erasmus Mundus国际硕士）
格拉斯哥大学	79	教育学院	全纳教育硕士：研究、政策与实践
格拉斯哥大学	79	教育学院	博物馆和遗产教育国际硕士（Erasmus Mundus国际硕士）
格拉斯哥大学	79	教育学院	博物馆教育硕士
格拉斯哥大学	79	教育学院	对外英语教学教育硕士（TESOL）
格拉斯哥大学	79	教育学院	对外英语教学理学硕士（TESOL）
格拉斯哥大学	79	教育学院	心理学研究硕士（转换）
格拉斯哥大学	79	教育学院	成人学习、社区发展与青年工作实践硕士
格拉斯哥大学	79	教育学院	教育、公共政策与公平硕士
格拉斯哥大学	79	教育学院	教育研究教育硕士
格拉斯哥大学	79	教育学院	教育研究理学硕士
格拉斯哥大学	79	数学与统计学院	数学/应用数学硕士
格拉斯哥大学	79	数学与统计学院	数据分析硕士
格拉斯哥大学	79	数学与统计学院	统计学硕士
格拉斯哥大学	79	数学与统计学院	高级统计学硕士
格拉斯哥大学	79	文化与创意艺术学院	书籍与纸张保护哲学硕士
格拉斯哥大学	79	文化与创意艺术学院	全球市场管理艺术和文化遗产国际硕士（Erasmus Mundus国际硕士）
格拉斯哥大学	79	文化与创意艺术学院	创意产业与文化政策硕士
格拉斯哥大学	79	文化与创意艺术学院	创意声音设计与视听媒体硕士
格拉斯哥大学	79	文化与创意艺术学院	博物馆研究硕士
格拉斯哥大学	79	文化与创意艺术学院	媒体管理硕士
格拉斯哥大学	79	文化与创意艺术学院	戏剧与表演实践硕士
格拉斯哥大学	79	文化与创意艺术学院	戏剧创作和戏剧编辑硕士
格拉斯哥大学	79	文化与创意艺术学院	戏剧研究硕士
格拉斯哥大学	79	文化与创意艺术学院	电影与电视研究硕士
格拉斯哥大学	79	文化与创意艺术学院	电影制作与媒体艺术硕士
格拉斯哥大学	79	文化与创意艺术学院	电影策展硕士
格拉斯哥大学	79	文化与创意艺术学院	策展实践硕士（当代艺术）（与格拉斯哥艺术学院合作）
格拉斯哥大学	79	文化与创意艺术学院	纺织品保护硕士
格拉斯哥大学	79	文化与创意艺术学院	艺术史硕士
格拉斯哥大学	79	文化与创意艺术学院	艺术史硕士：技术艺术史，制作和意义
格拉斯哥大学	79	文化与创意艺术学院	艺术史硕士：服务和纺织品历史
格拉斯哥大学	79	文化与创意艺术学院	音乐产业硕士
格拉斯哥大学	79	文化与创意艺术学院	音乐学硕士
格拉斯哥大学	79	法学院	人权法硕士
格拉斯哥大学	79	法学院	公司与金融法法律硕士
格拉斯哥大学	79	法学院	国际商法硕士
格拉斯哥大学	79	法学院	国际法与安全法学硕士
格拉斯哥大学	79	法学院	国际法硕士
格拉斯哥大学	79	法学院	国际竞争法与政策法学硕士
格拉斯哥大学	79	法学院	国际经济法硕士
格拉斯哥大学	79	法学院	技术法律与法规发学硕士
格拉斯哥大学	79	法学院	气候法与正义硕士
格拉斯哥大学	79	法学院	法学硕士
格拉斯哥大学	79	法学院	知识产权与数字经济法学硕士
格拉斯哥大学	79	物理与天文学学院	传感器和成像系统硕士
格拉斯哥大学	79	物理与天文学学院	天体物理学硕士
格拉斯哥大学	79	物理与天文学学院	核与环境物理学硕士
格拉斯哥大学	79	物理与天文学学院	理论物理学硕士
格拉斯哥大学	79	物理与天文学学院	量子技术硕士
格拉斯哥大学	79	物理与天文学学院	高级功能材料硕士
格拉斯哥大学	79	物理与天文学学院	高级成像和传感硕士
格拉斯哥大学	79	现代语言与文化学院	比较文学硕士
格拉斯哥大学	79	现代语言与文化学院	翻译与跨文化交际硕士
格拉斯哥大学	79	生物多样性、一体健康和兽医学院	传染性疾病和抗菌剂抗性流行病学硕士
格拉斯哥大学	79	生物多样性、一体健康和兽医学院	动物福利科学、伦理学和法律硕士
格拉斯哥大学	79	生物多样性、一体健康和兽医学院	应用自然保护科学硕士
格拉斯哥大学	79	生物多样性、一体健康和兽医学院	生态与环境生物学研究型硕士
格拉斯哥大学	79	生物多样性、一体健康和兽医学院	生态学与环境监测硕士（等弗里斯校区）
格拉斯哥大学	79	生物多样性、一体健康和兽医学院	生物多样性、保护和流行病学的定量方法硕士
格拉斯哥大学	79	生物多样性、一体健康和兽医学院	非洲生态系统保护管理硕士
格拉斯哥大学	79	癌症科学学院	癌症研究与精准肿瘤学硕士
格拉斯哥大学	79	癌症科学学院	癌症研究硕士（含专业方向）
格拉斯哥大学	79	社会与政治科学学院	中欧、东欧、俄罗斯和欧亚研究国际硕士（国际硕士）（2026不招生）
格拉斯哥大学	79	社会与政治科学学院	人权与国际政治学硕士
格拉斯哥大学	79	社会与政治科学学院	俄罗斯、东欧和欧亚研究硕士
格拉斯哥大学	79	社会与政治科学学院	全球传播硕士
格拉斯哥大学	79	社会与政治科学学院	全球卫生政策与社会硕士
格拉斯哥大学	79	社会与政治科学学院	全球发展硕士
格拉斯哥大学	79	社会与政治科学学院	全球安全硕士
格拉斯哥大学	79	社会与政治科学学院	全球市场，本地创意国际硕士（Erasmus Mundus国际硕士）
格拉斯哥大学	79	社会与政治科学学院	全球经济硕士
格拉斯哥大学	79	社会与政治科学学院	公共政策与管理硕士
格拉斯哥大学	79	社会与政治科学学院	公共政策硕士
格拉斯哥大学	79	社会与政治科学学院	国际关系硕士
格拉斯哥大学	79	社会与政治科学学院	国际关系硕士-南开大学
格拉斯哥大学	79	社会与政治科学学院	城市交通硕士
格拉斯哥大学	79	社会与政治科学学院	城市分析硕士
格拉斯哥大学	79	社会与政治科学学院	城市规划与房地产开发硕士
格拉斯哥大学	79	社会与政治科学学院	城市规划硕士
格拉斯哥大学	79	社会与政治科学学院	媒体、传播和国际新闻学硕士
格拉斯哥大学	79	社会与政治科学学院	媒体、文化与社会硕士
格拉斯哥大学	79	社会与政治科学学院	安全、情报和战略研究国际硕士（国际硕士）
格拉斯哥大学	79	社会与政治科学学院	房地产硕士
格拉斯哥大学	79	社会与政治科学学院	政治传播学硕士
格拉斯哥大学	79	社会与政治科学学院	数字社会硕士
格拉斯哥大学	79	社会与政治科学学院	犯罪学与刑事司法硕士
格拉斯哥大学	79	社会与政治科学学院	社会学硕士
格拉斯哥大学	79	社会与政治科学学院	社会科学研究方法硕士
格拉斯哥大学	79	社会与环境可持续发展学院	可持续综合海岸带管理硕士（邓弗里斯校区）
格拉斯哥大学	79	社会与环境可持续发展学院	旅游与遗产硕士（邓弗里斯校区）
格拉斯哥大学	79	英语与创意写作学院	
格拉斯哥大学	79	詹姆斯-瓦特工程科学学院	产品设计工程硕士
格拉斯哥大学	79	詹姆斯-瓦特工程科学学院	医学技术创新硕士
格拉斯哥大学	79	詹姆斯-瓦特工程科学学院	医疗器械工程硕士
格拉斯哥大学	79	詹姆斯-瓦特工程科学学院	可持续能源硕士
格拉斯哥大学	79	詹姆斯-瓦特工程科学学院	可持续能源硕士（加札马达大学双学位）
格拉斯哥大学	79	詹姆斯-瓦特工程科学学院	土木工程与管理硕士
格拉斯哥大学	79	詹姆斯-瓦特工程科学学院	土木工程硕士
格拉斯哥大学	79	詹姆斯-瓦特工程科学学院	机器人学与人工智能硕士
格拉斯哥大学	79	詹姆斯-瓦特工程科学学院	机器人学与人工智能硕士（加札马达大学双学位）
格拉斯哥大学	79	詹姆斯-瓦特工程科学学院	机械工程与管理硕士
格拉斯哥大学	79	詹姆斯-瓦特工程科学学院	机械工程硕士
格拉斯哥大学	79	詹姆斯-瓦特工程科学学院	机电学硕士
格拉斯哥大学	79	詹姆斯-瓦特工程科学学院	生物医学工程硕士
格拉斯哥大学	79	詹姆斯-瓦特工程科学学院	电子和光子学制造硕士
格拉斯哥大学	79	詹姆斯-瓦特工程科学学院	电子电器工程及管理硕士
格拉斯哥大学	79	詹姆斯-瓦特工程科学学院	电子电气工程及管理硕士（加札马达大学双学位）
格拉斯哥大学	79	詹姆斯-瓦特工程科学学院	电子电气工程硕士
格拉斯哥大学	79	詹姆斯-瓦特工程科学学院	纳米科学和纳米技术硕士
格拉斯哥大学	79	詹姆斯-瓦特工程科学学院	结构工程硕士
格拉斯哥大学	79	詹姆斯-瓦特工程科学学院	结构工程硕士（加札马达大学双学位）
格拉斯哥大学	79	詹姆斯-瓦特工程科学学院	航空工程与管理硕士
格拉斯哥大学	79	詹姆斯-瓦特工程科学学院	航空航天工程硕士
格拉斯哥大学	79	詹姆斯-瓦特工程科学学院	计算机系统工程硕士
格拉斯哥大学	79	詹姆斯-瓦特工程科学学院	计算机系统工程硕士（加札马达大学双学位）
格拉斯哥大学	79	计算机学院	人机交互硕士
格拉斯哥大学	79	计算机学院	信息技术硕士
格拉斯哥大学	79	计算机学院	数据科学硕士
格拉斯哥大学	79	计算机学院	网络安全硕士
格拉斯哥大学	79	计算机学院	计算机科学硕士
格拉斯哥大学	79	计算机学院	软件开发硕士
格拉斯哥大学	79	计算机科学学院	数据科学
格拉斯哥大学	79	计算机科学学院	数据科学
格拉斯哥大学	79	跨学科研究学院	加强教育实践硕士（邓弗里斯校区）
格拉斯哥大学	79	跨学科研究学院	可持续旅游与全球挑战硕士（邓弗里斯校区）
格拉斯哥大学	79	跨学科研究学院	城市与区域规划硕士-南开大学
格拉斯哥大学	79	跨学科研究学院	环境、文化与交流硕士（邓弗里斯校区）
格拉斯哥大学	79	跨学科研究学院	环境科学硕士-南开大学
格拉斯哥大学	79	跨学科研究学院	环境风险管理硕士（邓弗里斯校区）
谢菲尔德大学	92	健康学院	临床研究硕士
谢菲尔德大学	92	健康学院	临床神经病学硕士
谢菲尔德大学	92	健康学院	公共卫生（卫生服务研究）硕士
谢菲尔德大学	92	健康学院	公共卫生（管理和领导）硕士
谢菲尔德大学	92	健康学院	公共卫生硕士
谢菲尔德大学	92	健康学院	卫生经济学和决策建模硕士
谢菲尔德大学	92	健康学院	欧洲公共卫生硕士
谢菲尔德大学	92	健康学院	生殖与发育医学硕士
谢菲尔德大学	92	健康学院	癌症生物学与治疗学硕士
谢菲尔德大学	92	健康学院	言语和语言治疗硕士
谢菲尔德大学	92	健康学院	转化神经科学硕士
谢菲尔德大学	92	健康学院	高级细胞和基因疗法硕士
谢菲尔德大学	92	工程学院	人工智能硕士
谢菲尔德大学	92	工程学院	制药工程硕士
谢菲尔德大学	92	工程学院	可持续与能源工程硕士
谢菲尔德大学	92	工程学院	土木工程与项目管理硕士
谢菲尔德大学	92	工程学院	土木工程硕士
谢菲尔德大学	92	工程学院	工程学人工智能硕士
谢菲尔德大学	92	工程学院	工艺安全与损失预防硕士
谢菲尔德大学	92	工程学院	数字制造工程硕士
谢菲尔德大学	92	工程学院	无线通信系统硕士
谢菲尔德大学	92	工程学院	机器人学硕士
谢菲尔德大学	92	工程学院	机械工程与工业管理硕士
谢菲尔德大学	92	工程学院	材料科学与工程硕士
谢菲尔德大学	92	工程学院	生物医学工程硕士
谢菲尔德大学	92	工程学院	生物和生物工艺工程硕士
谢菲尔德大学	92	工程学院	电子电气工程硕士
谢菲尔德大学	92	工程学院	网络安全和人工智能硕士
谢菲尔德大学	92	工程学院	能源工程与工业管理硕士
谢菲尔德大学	92	工程学院	航空航天工程硕士
谢菲尔德大学	92	工程学院	计算机科学与语言与自然语言处理硕士
谢菲尔德大学	92	工程学院	计算机科学硕士
谢菲尔德大学	92	工程学院	高级冶金硕士
谢菲尔德大学	92	工程学院	高级控制和系统工程硕士
谢菲尔德大学	92	工程学院	高级机械工程硕士
谢菲尔德大学	92	工程学院	高级计算机科学硕士
谢菲尔德大学	92	理学院	人类和分子遗产学硕士
谢菲尔德大学	92	理学院	分子生物学和生物技术硕士
谢菲尔德大学	92	理学院	化学硕士
谢菲尔德大学	92	理学院	天体物理学硕士
谢菲尔德大学	92	理学院	心理研究方法硕士
谢菲尔德大学	92	理学院	数学和理论物理硕士
谢菲尔德大学	92	理学院	数学硕士
谢菲尔德大学	92	理学院	物理学硕士
谢菲尔德大学	92	理学院	生物医学硕士
谢菲尔德大学	92	理学院	生物多样性和保护硕士
谢菲尔德大学	92	理学院	科学人工智能硕士
谢菲尔德大学	92	理学院	科学传播硕士
谢菲尔德大学	92	理学院	统计学硕士
谢菲尔德大学	92	理学院	药物研发科学硕士
谢菲尔德大学	92	理学院	认知和计算神经科学硕士
谢菲尔德大学	92	理学院	认知神经科学和人类神经影像学硕士
谢菲尔德大学	92	理学院	金融数学统计学硕士
谢菲尔德大学	92	社会科学学院	信息管理硕士
谢菲尔德大学	92	社会科学学院	信息系统硕士
谢菲尔德大学	92	社会科学学院	信息系统管理硕士
谢菲尔德大学	92	社会科学学院	全球新闻硕士
谢菲尔德大学	92	社会科学学院	商业金融与经济学硕士
谢菲尔德大学	92	社会科学学院	国际公共和政治传播硕士
谢菲尔德大学	92	社会科学学院	国际关系硕士
谢菲尔德大学	92	社会科学学院	国际发展（公共卫生硕士）硕士
谢菲尔德大学	92	社会科学学院	国际发展硕士
谢菲尔德大学	92	社会科学学院	国际政治经济学硕士
谢菲尔德大学	92	社会科学学院	图书馆学硕士
谢菲尔德大学	92	社会科学学院	地理信息系统（GIS）硕士
谢菲尔德大学	92	社会科学学院	城市和区域规划硕士
谢菲尔德大学	92	社会科学学院	城市设计与规划硕士
谢菲尔德大学	92	社会科学学院	建筑：协作实践硕士
谢菲尔德大学	92	社会科学学院	建筑学硕士
谢菲尔德大学	92	社会科学学院	建筑设计硕士
谢菲尔德大学	92	社会科学学院	心理学与教育硕士
谢菲尔德大学	92	社会科学学院	心理学和教育学硕士（转换）
谢菲尔德大学	92	社会科学学院	房地产硕士
谢菲尔德大学	92	社会科学学院	政治、治理和公共政策硕士
谢菲尔德大学	92	社会科学学院	教育学硕士
谢菲尔德大学	92	社会科学学院	数字媒体与社会硕士
谢菲尔德大学	92	社会科学学院	数据科学硕士
谢菲尔德大学	92	社会科学学院	新闻学硕士
谢菲尔德大学	92	社会科学学院	景观建筑硕士
谢菲尔德大学	92	社会科学学院	景观研究硕士
谢菲尔德大学	92	社会科学学院	环境变化与国际发展硕士
谢菲尔德大学	92	社会科学学院	社会研究硕士
谢菲尔德大学	92	社会科学学院	经济学硕士
谢菲尔德大学	92	社会科学学院	货币、银行和金融硕士
谢菲尔德大学	92	社会科学学院	金融硕士
谢菲尔德大学	92	管理学院	CIPD途径的人力资源管理硕士
谢菲尔德大学	92	管理学院	MBA（工商管理硕士）
谢菲尔德大学	92	管理学院	商业与组织心理学硕士
谢菲尔德大学	92	管理学院	商业分析硕士
谢菲尔德大学	92	管理学院	国际市场营销与管理硕士
谢菲尔德大学	92	管理学院	国际管理硕士
谢菲尔德大学	92	管理学院	战略营销与品牌硕士
谢菲尔德大学	92	管理学院	数字营销硕士
谢菲尔德大学	92	管理学院	物流与供应链管理硕士
谢菲尔德大学	92	管理学院	管理学与国际商务硕士
谢菲尔德大学	92	管理学院	管理学硕士
谢菲尔德大学	92	管理学院	金融与会计硕士
谢菲尔德大学	92	管理学院	金融科技与创新硕士
谢菲尔德大学	92	艺术与人文学院	东亚商务硕士
谢菲尔德大学	92	艺术与人文学院	东亚政治与媒体硕士
谢菲尔德大学	92	艺术与人文学院	公司法和商业法硕士
谢菲尔德大学	92	艺术与人文学院	历史学硕士
谢菲尔德大学	92	艺术与人文学院	哲学硕士
谢菲尔德大学	92	艺术与人文学院	国际法和全球司法硕士
谢菲尔德大学	92	艺术与人文学院	国际犯罪学硕士
谢菲尔德大学	92	艺术与人文学院	应用语言学硕士
谢菲尔德大学	92	艺术与人文学院	数字文化与传播硕士
谢菲尔德大学	92	艺术与人文学院	数据与数字人文硕士
谢菲尔德大学	92	艺术与人文学院	文化遗产管理硕士
谢菲尔德大学	92	艺术与人文学院	法律硕士
谢菲尔德大学	92	艺术与人文学院	翻译与跨文化研究硕士
谢菲尔德大学	92	艺术与人文学院	考古学与遗产硕士
谢菲尔德大学	92	艺术与人文学院	英国文学硕士
谢菲尔德大学	92	艺术与人文学院	认知研究硕士
谢菲尔德大学	92	艺术与人文学院	谢菲尔德法学硕士
谢菲尔德大学	92	艺术与人文学院	音乐学硕士
谢菲尔德大学	92	艺术与人文学院	音乐心理学硕士
谢菲尔德大学	92	艺术与人文学院	音乐管理硕士
谢菲尔德大学	92	艺术与人文学院	音乐表演研究硕士
